{"cameraMode":{"drawMode":0,"name":"Shaded","section":"Shading Mode"},"sceneLighting":true,"audioPlay":false,"sceneViewState":{"showFog":true,"showMaterialUpdate":false,"showSkybox":true,"showFlares":true,"showImageEffects":true,"showParticleSystems":true},"in2DMode":false,"pivot":{"x":1472.9854736328125,"y":599.3359375,"z":6.6237993240356449},"rotation":{"x":0.011688616126775742,"y":-0.017401574179530145,"z":-0.00020142784342169762,"w":-0.9997848868370056},"size":845.90673828125,"orthographic":false}