{"cameraMode":{"drawMode":0,"name":"Shaded","section":"Shading Mode"},"sceneLighting":true,"audioPlay":false,"sceneViewState":{"showFog":true,"showMaterialUpdate":false,"showSkybox":true,"showFlares":true,"showImageEffects":true,"showParticleSystems":true},"in2DMode":false,"pivot":{"x":3.7521228790283205,"y":-12.114750862121582,"z":-2.133991003036499},"rotation":{"x":0.10001493990421295,"y":-0.012838448397815228,"z":-0.0012898060958832503,"w":-0.9949049353599548},"size":15.053238868713379,"orthographic":false}