{"cameraMode":{"drawMode":0,"name":"Shaded","section":"Shading Mode"},"sceneLighting":false,"audioPlay":false,"sceneViewState":{"showFog":true,"showMaterialUpdate":false,"showSkybox":false,"showFlares":true,"showImageEffects":true,"showParticleSystems":true},"in2DMode":false,"pivot":{"x":1.9229477643966675,"y":-1.2729225158691407,"z":4.8674750328063969},"rotation":{"x":-0.23347139358520509,"y":-0.035873543471097949,"z":0.008619475178420544,"w":-0.9716643691062927},"size":11.027402877807618,"orthographic":false}