{"cameraMode":{"drawMode":0,"name":"Shaded","section":"Shading Mode"},"sceneLighting":false,"audioPlay":false,"sceneViewState":{"showFog":true,"showMaterialUpdate":false,"showSkybox":false,"showFlares":true,"showImageEffects":true,"showParticleSystems":true},"in2DMode":false,"pivot":{"x":-2.997739553451538,"y":-4.370179176330566,"z":19.016685485839845},"rotation":{"x":-0.11386232823133469,"y":0.05867796391248703,"z":-0.006736375391483307,"w":-0.9917405843734741},"size":23.878894805908204,"orthographic":false}