{"cameraMode":{"drawMode":0,"name":"Shaded","section":"Shading Mode"},"sceneLighting":false,"audioPlay":false,"sceneViewState":{"showFog":true,"showMaterialUpdate":false,"showSkybox":false,"showFlares":true,"showImageEffects":true,"showParticleSystems":true},"in2DMode":false,"pivot":{"x":-0.46032610535621645,"y":-8.887475967407227,"z":12.89625072479248},"rotation":{"x":-0.3015381693840027,"y":0.004859816282987595,"z":-0.001536841969937086,"w":-0.9534413814544678},"size":22.0,"orthographic":false}